PRICE,MAINTENANCE,DOORS,PERSONS,LUG_BOOT,SAFETY,CLASS,CLASS_2
vhigh,vhigh,2,2,small,low,unacc,0
vhigh,vhigh,2,2,small,med,unacc,0
vhigh,vhigh,2,2,small,high,unacc,0
vhigh,vhigh,2,2,med,low,unacc,0
vhigh,vhigh,2,2,med,med,unacc,0
vhigh,vhigh,2,2,med,high,unacc,0
vhigh,vhigh,2,2,big,low,unacc,0
vhigh,vhigh,2,2,big,med,unacc,0
vhigh,vhigh,2,2,big,high,unacc,0
vhigh,vhigh,2,4,small,low,unacc,0
vhigh,vhigh,2,4,small,med,unacc,0
vhigh,vhigh,2,4,small,high,unacc,0
vhigh,vhigh,2,4,med,low,unacc,0
vhigh,vhigh,2,4,med,med,unacc,0
vhigh,vhigh,2,4,med,high,unacc,0
vhigh,vhigh,2,4,big,low,unacc,0
vhigh,vhigh,2,4,big,med,unacc,0
vhigh,vhigh,2,4,big,high,unacc,0
vhigh,vhigh,2,more,small,low,unacc,0
vhigh,vhigh,2,more,small,med,unacc,0
vhigh,vhigh,2,more,small,high,unacc,0
vhigh,vhigh,2,more,med,low,unacc,0
vhigh,vhigh,2,more,med,med,unacc,0
vhigh,vhigh,2,more,med,high,unacc,0
vhigh,vhigh,2,more,big,low,unacc,0
vhigh,vhigh,2,more,big,med,unacc,0
vhigh,vhigh,2,more,big,high,unacc,0
vhigh,vhigh,3,2,small,low,unacc,0
vhigh,vhigh,3,2,small,med,unacc,0
vhigh,vhigh,3,2,small,high,unacc,0
vhigh,vhigh,3,2,med,low,unacc,0
vhigh,vhigh,3,2,med,med,unacc,0
vhigh,vhigh,3,2,med,high,unacc,0
vhigh,vhigh,3,2,big,low,unacc,0
vhigh,vhigh,3,2,big,med,unacc,0
vhigh,vhigh,3,2,big,high,unacc,0
vhigh,vhigh,3,4,small,low,unacc,0
vhigh,vhigh,3,4,small,med,unacc,0
vhigh,vhigh,3,4,small,high,unacc,0
vhigh,vhigh,3,4,med,low,unacc,0
vhigh,vhigh,3,4,med,med,unacc,0
vhigh,vhigh,3,4,med,high,unacc,0
vhigh,vhigh,3,4,big,low,unacc,0
vhigh,vhigh,3,4,big,med,unacc,0
vhigh,vhigh,3,4,big,high,unacc,0
vhigh,vhigh,3,more,small,low,unacc,0
vhigh,vhigh,3,more,small,med,unacc,0
vhigh,vhigh,3,more,small,high,unacc,0
vhigh,vhigh,3,more,med,low,unacc,0
vhigh,vhigh,3,more,med,med,unacc,0
vhigh,vhigh,3,more,med,high,unacc,0
vhigh,vhigh,3,more,big,low,unacc,0
vhigh,vhigh,3,more,big,med,unacc,0
vhigh,vhigh,3,more,big,high,unacc,0
vhigh,vhigh,4,2,small,low,unacc,0
vhigh,vhigh,4,2,small,med,unacc,0
vhigh,vhigh,4,2,small,high,unacc,0
vhigh,vhigh,4,2,med,low,unacc,0
vhigh,vhigh,4,2,med,med,unacc,0
vhigh,vhigh,4,2,med,high,unacc,0
vhigh,vhigh,4,2,big,low,unacc,0
vhigh,vhigh,4,2,big,med,unacc,0
vhigh,vhigh,4,2,big,high,unacc,0
vhigh,vhigh,4,4,small,low,unacc,0
vhigh,vhigh,4,4,small,med,unacc,0
vhigh,vhigh,4,4,small,high,unacc,0
vhigh,vhigh,4,4,med,low,unacc,0
vhigh,vhigh,4,4,med,med,unacc,0
vhigh,vhigh,4,4,med,high,unacc,0
vhigh,vhigh,4,4,big,low,unacc,0
vhigh,vhigh,4,4,big,med,unacc,0
vhigh,vhigh,4,4,big,high,unacc,0
vhigh,vhigh,4,more,small,low,unacc,0
vhigh,vhigh,4,more,small,med,unacc,0
vhigh,vhigh,4,more,small,high,unacc,0
vhigh,vhigh,4,more,med,low,unacc,0
vhigh,vhigh,4,more,med,med,unacc,0
vhigh,vhigh,4,more,med,high,unacc,0
vhigh,vhigh,4,more,big,low,unacc,0
vhigh,vhigh,4,more,big,med,unacc,0
vhigh,vhigh,4,more,big,high,unacc,0
vhigh,vhigh,5more,2,small,low,unacc,0
vhigh,vhigh,5more,2,small,med,unacc,0
vhigh,vhigh,5more,2,small,high,unacc,0
vhigh,vhigh,5more,2,med,low,unacc,0
vhigh,vhigh,5more,2,med,med,unacc,0
vhigh,vhigh,5more,2,med,high,unacc,0
vhigh,vhigh,5more,2,big,low,unacc,0
vhigh,vhigh,5more,2,big,med,unacc,0
vhigh,vhigh,5more,2,big,high,unacc,0
vhigh,vhigh,5more,4,small,low,unacc,0
vhigh,vhigh,5more,4,small,med,unacc,0
vhigh,vhigh,5more,4,small,high,unacc,0
vhigh,vhigh,5more,4,med,low,unacc,0
vhigh,vhigh,5more,4,med,med,unacc,0
vhigh,vhigh,5more,4,med,high,unacc,0
vhigh,vhigh,5more,4,big,low,unacc,0
vhigh,vhigh,5more,4,big,med,unacc,0
vhigh,vhigh,5more,4,big,high,unacc,0
vhigh,vhigh,5more,more,small,low,unacc,0
vhigh,vhigh,5more,more,small,med,unacc,0
vhigh,vhigh,5more,more,small,high,unacc,0
vhigh,vhigh,5more,more,med,low,unacc,0
vhigh,vhigh,5more,more,med,med,unacc,0
vhigh,vhigh,5more,more,med,high,unacc,0
vhigh,vhigh,5more,more,big,low,unacc,0
vhigh,vhigh,5more,more,big,med,unacc,0
vhigh,vhigh,5more,more,big,high,unacc,0
vhigh,high,2,2,small,low,unacc,0
vhigh,high,2,2,small,med,unacc,0
vhigh,high,2,2,small,high,unacc,0
vhigh,high,2,2,med,low,unacc,0
vhigh,high,2,2,med,med,unacc,0
vhigh,high,2,2,med,high,unacc,0
vhigh,high,2,2,big,low,unacc,0
vhigh,high,2,2,big,med,unacc,0
vhigh,high,2,2,big,high,unacc,0
vhigh,high,2,4,small,low,unacc,0
vhigh,high,2,4,small,med,unacc,0
vhigh,high,2,4,small,high,unacc,0
vhigh,high,2,4,med,low,unacc,0
vhigh,high,2,4,med,med,unacc,0
vhigh,high,2,4,med,high,unacc,0
vhigh,high,2,4,big,low,unacc,0
vhigh,high,2,4,big,med,unacc,0
vhigh,high,2,4,big,high,unacc,0
vhigh,high,2,more,small,low,unacc,0
vhigh,high,2,more,small,med,unacc,0
vhigh,high,2,more,small,high,unacc,0
vhigh,high,2,more,med,low,unacc,0
vhigh,high,2,more,med,med,unacc,0
vhigh,high,2,more,med,high,unacc,0
vhigh,high,2,more,big,low,unacc,0
vhigh,high,2,more,big,med,unacc,0
vhigh,high,2,more,big,high,unacc,0
vhigh,high,3,2,small,low,unacc,0
vhigh,high,3,2,small,med,unacc,0
vhigh,high,3,2,small,high,unacc,0
vhigh,high,3,2,med,low,unacc,0
vhigh,high,3,2,med,med,unacc,0
vhigh,high,3,2,med,high,unacc,0
vhigh,high,3,2,big,low,unacc,0
vhigh,high,3,2,big,med,unacc,0
vhigh,high,3,2,big,high,unacc,0
vhigh,high,3,4,small,low,unacc,0
vhigh,high,3,4,small,med,unacc,0
vhigh,high,3,4,small,high,unacc,0
vhigh,high,3,4,med,low,unacc,0
vhigh,high,3,4,med,med,unacc,0
vhigh,high,3,4,med,high,unacc,0
vhigh,high,3,4,big,low,unacc,0
vhigh,high,3,4,big,med,unacc,0
vhigh,high,3,4,big,high,unacc,0
vhigh,high,3,more,small,low,unacc,0
vhigh,high,3,more,small,med,unacc,0
vhigh,high,3,more,small,high,unacc,0
vhigh,high,3,more,med,low,unacc,0
vhigh,high,3,more,med,med,unacc,0
vhigh,high,3,more,med,high,unacc,0
vhigh,high,3,more,big,low,unacc,0
vhigh,high,3,more,big,med,unacc,0
vhigh,high,3,more,big,high,unacc,0
vhigh,high,4,2,small,low,unacc,0
vhigh,high,4,2,small,med,unacc,0
vhigh,high,4,2,small,high,unacc,0
vhigh,high,4,2,med,low,unacc,0
vhigh,high,4,2,med,med,unacc,0
vhigh,high,4,2,med,high,unacc,0
vhigh,high,4,2,big,low,unacc,0
vhigh,high,4,2,big,med,unacc,0
vhigh,high,4,2,big,high,unacc,0
vhigh,high,4,4,small,low,unacc,0
vhigh,high,4,4,small,med,unacc,0
vhigh,high,4,4,small,high,unacc,0
vhigh,high,4,4,med,low,unacc,0
vhigh,high,4,4,med,med,unacc,0
vhigh,high,4,4,med,high,unacc,0
vhigh,high,4,4,big,low,unacc,0
vhigh,high,4,4,big,med,unacc,0
vhigh,high,4,4,big,high,unacc,0
vhigh,high,4,more,small,low,unacc,0
vhigh,high,4,more,small,med,unacc,0
vhigh,high,4,more,small,high,unacc,0
vhigh,high,4,more,med,low,unacc,0
vhigh,high,4,more,med,med,unacc,0
vhigh,high,4,more,med,high,unacc,0
vhigh,high,4,more,big,low,unacc,0
vhigh,high,4,more,big,med,unacc,0
vhigh,high,4,more,big,high,unacc,0
vhigh,high,5more,2,small,low,unacc,0
vhigh,high,5more,2,small,med,unacc,0
vhigh,high,5more,2,small,high,unacc,0
vhigh,high,5more,2,med,low,unacc,0
vhigh,high,5more,2,med,med,unacc,0
vhigh,high,5more,2,med,high,unacc,0
vhigh,high,5more,2,big,low,unacc,0
vhigh,high,5more,2,big,med,unacc,0
vhigh,high,5more,2,big,high,unacc,0
vhigh,high,5more,4,small,low,unacc,0
vhigh,high,5more,4,small,med,unacc,0
vhigh,high,5more,4,small,high,unacc,0
vhigh,high,5more,4,med,low,unacc,0
vhigh,high,5more,4,med,med,unacc,0
vhigh,high,5more,4,med,high,unacc,0
vhigh,high,5more,4,big,low,unacc,0
vhigh,high,5more,4,big,med,unacc,0
vhigh,high,5more,4,big,high,unacc,0
vhigh,high,5more,more,small,low,unacc,0
vhigh,high,5more,more,small,med,unacc,0
vhigh,high,5more,more,small,high,unacc,0
vhigh,high,5more,more,med,low,unacc,0
vhigh,high,5more,more,med,med,unacc,0
vhigh,high,5more,more,med,high,unacc,0
vhigh,high,5more,more,big,low,unacc,0
vhigh,high,5more,more,big,med,unacc,0
vhigh,high,5more,more,big,high,unacc,0
vhigh,med,2,2,small,low,unacc,0
vhigh,med,2,2,small,med,unacc,0
vhigh,med,2,2,small,high,unacc,0
vhigh,med,2,2,med,low,unacc,0
vhigh,med,2,2,med,med,unacc,0
vhigh,med,2,2,med,high,unacc,0
vhigh,med,2,2,big,low,unacc,0
vhigh,med,2,2,big,med,unacc,0
vhigh,med,2,2,big,high,unacc,0
vhigh,med,2,4,small,low,unacc,0
vhigh,med,2,4,small,med,unacc,0
vhigh,med,2,4,small,high,acc,1
vhigh,med,2,4,med,low,unacc,0
vhigh,med,2,4,med,med,unacc,0
vhigh,med,2,4,med,high,acc,1
vhigh,med,2,4,big,low,unacc,0
vhigh,med,2,4,big,med,acc,1
vhigh,med,2,4,big,high,acc,1
vhigh,med,2,more,small,low,unacc,0
vhigh,med,2,more,small,med,unacc,0
vhigh,med,2,more,small,high,unacc,0
vhigh,med,2,more,med,low,unacc,0
vhigh,med,2,more,med,med,unacc,0
vhigh,med,2,more,med,high,acc,1
vhigh,med,2,more,big,low,unacc,0
vhigh,med,2,more,big,med,acc,1
vhigh,med,2,more,big,high,acc,1
vhigh,med,3,2,small,low,unacc,0
vhigh,med,3,2,small,med,unacc,0
vhigh,med,3,2,small,high,unacc,0
vhigh,med,3,2,med,low,unacc,0
vhigh,med,3,2,med,med,unacc,0
vhigh,med,3,2,med,high,unacc,0
vhigh,med,3,2,big,low,unacc,0
vhigh,med,3,2,big,med,unacc,0
vhigh,med,3,2,big,high,unacc,0
vhigh,med,3,4,small,low,unacc,0
vhigh,med,3,4,small,med,unacc,0
vhigh,med,3,4,small,high,acc,1
vhigh,med,3,4,med,low,unacc,0
vhigh,med,3,4,med,med,unacc,0
vhigh,med,3,4,med,high,acc,1
vhigh,med,3,4,big,low,unacc,0
vhigh,med,3,4,big,med,acc,1
vhigh,med,3,4,big,high,acc,1
vhigh,med,3,more,small,low,unacc,0
vhigh,med,3,more,small,med,unacc,0
vhigh,med,3,more,small,high,acc,1
vhigh,med,3,more,med,low,unacc,0
vhigh,med,3,more,med,med,acc,1
vhigh,med,3,more,med,high,acc,1
vhigh,med,3,more,big,low,unacc,0
vhigh,med,3,more,big,med,acc,1
vhigh,med,3,more,big,high,acc,1
vhigh,med,4,2,small,low,unacc,0
vhigh,med,4,2,small,med,unacc,0
vhigh,med,4,2,small,high,unacc,0
vhigh,med,4,2,med,low,unacc,0
vhigh,med,4,2,med,med,unacc,0
vhigh,med,4,2,med,high,unacc,0
vhigh,med,4,2,big,low,unacc,0
vhigh,med,4,2,big,med,unacc,0
vhigh,med,4,2,big,high,unacc,0
vhigh,med,4,4,small,low,unacc,0
vhigh,med,4,4,small,med,unacc,0
vhigh,med,4,4,small,high,acc,1
vhigh,med,4,4,med,low,unacc,0
vhigh,med,4,4,med,med,acc,1
vhigh,med,4,4,med,high,acc,1
vhigh,med,4,4,big,low,unacc,0
vhigh,med,4,4,big,med,acc,1
vhigh,med,4,4,big,high,acc,1
vhigh,med,4,more,small,low,unacc,0
vhigh,med,4,more,small,med,unacc,0
vhigh,med,4,more,small,high,acc,1
vhigh,med,4,more,med,low,unacc,0
vhigh,med,4,more,med,med,acc,1
vhigh,med,4,more,med,high,acc,1
vhigh,med,4,more,big,low,unacc,0
vhigh,med,4,more,big,med,acc,1
vhigh,med,4,more,big,high,acc,1
vhigh,med,5more,2,small,low,unacc,0
vhigh,med,5more,2,small,med,unacc,0
vhigh,med,5more,2,small,high,unacc,0
vhigh,med,5more,2,med,low,unacc,0
vhigh,med,5more,2,med,med,unacc,0
vhigh,med,5more,2,med,high,unacc,0
vhigh,med,5more,2,big,low,unacc,0
vhigh,med,5more,2,big,med,unacc,0
vhigh,med,5more,2,big,high,unacc,0
vhigh,med,5more,4,small,low,unacc,0
vhigh,med,5more,4,small,med,unacc,0
vhigh,med,5more,4,small,high,acc,1
vhigh,med,5more,4,med,low,unacc,0
vhigh,med,5more,4,med,med,acc,1
vhigh,med,5more,4,med,high,acc,1
vhigh,med,5more,4,big,low,unacc,0
vhigh,med,5more,4,big,med,acc,1
vhigh,med,5more,4,big,high,acc,1
vhigh,med,5more,more,small,low,unacc,0
vhigh,med,5more,more,small,med,unacc,0
vhigh,med,5more,more,small,high,acc,1
vhigh,med,5more,more,med,low,unacc,0
vhigh,med,5more,more,med,med,acc,1
vhigh,med,5more,more,med,high,acc,1
vhigh,med,5more,more,big,low,unacc,0
vhigh,med,5more,more,big,med,acc,1
vhigh,med,5more,more,big,high,acc,1
vhigh,low,2,2,small,low,unacc,0
vhigh,low,2,2,small,med,unacc,0
vhigh,low,2,2,small,high,unacc,0
vhigh,low,2,2,med,low,unacc,0
vhigh,low,2,2,med,med,unacc,0
vhigh,low,2,2,med,high,unacc,0
vhigh,low,2,2,big,low,unacc,0
vhigh,low,2,2,big,med,unacc,0
vhigh,low,2,2,big,high,unacc,0
vhigh,low,2,4,small,low,unacc,0
vhigh,low,2,4,small,med,unacc,0
vhigh,low,2,4,small,high,acc,1
vhigh,low,2,4,med,low,unacc,0
vhigh,low,2,4,med,med,unacc,0
vhigh,low,2,4,med,high,acc,1
vhigh,low,2,4,big,low,unacc,0
vhigh,low,2,4,big,med,acc,1
vhigh,low,2,4,big,high,acc,1
vhigh,low,2,more,small,low,unacc,0
vhigh,low,2,more,small,med,unacc,0
vhigh,low,2,more,small,high,unacc,0
vhigh,low,2,more,med,low,unacc,0
vhigh,low,2,more,med,med,unacc,0
vhigh,low,2,more,med,high,acc,1
vhigh,low,2,more,big,low,unacc,0
vhigh,low,2,more,big,med,acc,1
vhigh,low,2,more,big,high,acc,1
vhigh,low,3,2,small,low,unacc,0
vhigh,low,3,2,small,med,unacc,0
vhigh,low,3,2,small,high,unacc,0
vhigh,low,3,2,med,low,unacc,0
vhigh,low,3,2,med,med,unacc,0
vhigh,low,3,2,med,high,unacc,0
vhigh,low,3,2,big,low,unacc,0
vhigh,low,3,2,big,med,unacc,0
vhigh,low,3,2,big,high,unacc,0
vhigh,low,3,4,small,low,unacc,0
vhigh,low,3,4,small,med,unacc,0
vhigh,low,3,4,small,high,acc,1
vhigh,low,3,4,med,low,unacc,0
vhigh,low,3,4,med,med,unacc,0
vhigh,low,3,4,med,high,acc,1
vhigh,low,3,4,big,low,unacc,0
vhigh,low,3,4,big,med,acc,1
vhigh,low,3,4,big,high,acc,1
vhigh,low,3,more,small,low,unacc,0
vhigh,low,3,more,small,med,unacc,0
vhigh,low,3,more,small,high,acc,1
vhigh,low,3,more,med,low,unacc,0
vhigh,low,3,more,med,med,acc,1
vhigh,low,3,more,med,high,acc,1
vhigh,low,3,more,big,low,unacc,0
vhigh,low,3,more,big,med,acc,1
vhigh,low,3,more,big,high,acc,1
vhigh,low,4,2,small,low,unacc,0
vhigh,low,4,2,small,med,unacc,0
vhigh,low,4,2,small,high,unacc,0
vhigh,low,4,2,med,low,unacc,0
vhigh,low,4,2,med,med,unacc,0
vhigh,low,4,2,med,high,unacc,0
vhigh,low,4,2,big,low,unacc,0
vhigh,low,4,2,big,med,unacc,0
vhigh,low,4,2,big,high,unacc,0
vhigh,low,4,4,small,low,unacc,0
vhigh,low,4,4,small,med,unacc,0
vhigh,low,4,4,small,high,acc,1
vhigh,low,4,4,med,low,unacc,0
vhigh,low,4,4,med,med,acc,1
vhigh,low,4,4,med,high,acc,1
vhigh,low,4,4,big,low,unacc,0
vhigh,low,4,4,big,med,acc,1
vhigh,low,4,4,big,high,acc,1
vhigh,low,4,more,small,low,unacc,0
vhigh,low,4,more,small,med,unacc,0
vhigh,low,4,more,small,high,acc,1
vhigh,low,4,more,med,low,unacc,0
vhigh,low,4,more,med,med,acc,1
vhigh,low,4,more,med,high,acc,1
vhigh,low,4,more,big,low,unacc,0
vhigh,low,4,more,big,med,acc,1
vhigh,low,4,more,big,high,acc,1
vhigh,low,5more,2,small,low,unacc,0
vhigh,low,5more,2,small,med,unacc,0
vhigh,low,5more,2,small,high,unacc,0
vhigh,low,5more,2,med,low,unacc,0
vhigh,low,5more,2,med,med,unacc,0
vhigh,low,5more,2,med,high,unacc,0
vhigh,low,5more,2,big,low,unacc,0
vhigh,low,5more,2,big,med,unacc,0
vhigh,low,5more,2,big,high,unacc,0
vhigh,low,5more,4,small,low,unacc,0
vhigh,low,5more,4,small,med,unacc,0
vhigh,low,5more,4,small,high,acc,1
vhigh,low,5more,4,med,low,unacc,0
vhigh,low,5more,4,med,med,acc,1
vhigh,low,5more,4,med,high,acc,1
vhigh,low,5more,4,big,low,unacc,0
vhigh,low,5more,4,big,med,acc,1
vhigh,low,5more,4,big,high,acc,1
vhigh,low,5more,more,small,low,unacc,0
vhigh,low,5more,more,small,med,unacc,0
vhigh,low,5more,more,small,high,acc,1
vhigh,low,5more,more,med,low,unacc,0
vhigh,low,5more,more,med,med,acc,1
vhigh,low,5more,more,med,high,acc,1
vhigh,low,5more,more,big,low,unacc,0
vhigh,low,5more,more,big,med,acc,1
vhigh,low,5more,more,big,high,acc,1
high,vhigh,2,2,small,low,unacc,0
high,vhigh,2,2,small,med,unacc,0
high,vhigh,2,2,small,high,unacc,0
high,vhigh,2,2,med,low,unacc,0
high,vhigh,2,2,med,med,unacc,0
high,vhigh,2,2,med,high,unacc,0
high,vhigh,2,2,big,low,unacc,0
high,vhigh,2,2,big,med,unacc,0
high,vhigh,2,2,big,high,unacc,0
high,vhigh,2,4,small,low,unacc,0
high,vhigh,2,4,small,med,unacc,0
high,vhigh,2,4,small,high,unacc,0
high,vhigh,2,4,med,low,unacc,0
high,vhigh,2,4,med,med,unacc,0
high,vhigh,2,4,med,high,unacc,0
high,vhigh,2,4,big,low,unacc,0
high,vhigh,2,4,big,med,unacc,0
high,vhigh,2,4,big,high,unacc,0
high,vhigh,2,more,small,low,unacc,0
high,vhigh,2,more,small,med,unacc,0
high,vhigh,2,more,small,high,unacc,0
high,vhigh,2,more,med,low,unacc,0
high,vhigh,2,more,med,med,unacc,0
high,vhigh,2,more,med,high,unacc,0
high,vhigh,2,more,big,low,unacc,0
high,vhigh,2,more,big,med,unacc,0
high,vhigh,2,more,big,high,unacc,0
high,vhigh,3,2,small,low,unacc,0
high,vhigh,3,2,small,med,unacc,0
high,vhigh,3,2,small,high,unacc,0
high,vhigh,3,2,med,low,unacc,0
high,vhigh,3,2,med,med,unacc,0
high,vhigh,3,2,med,high,unacc,0
high,vhigh,3,2,big,low,unacc,0
high,vhigh,3,2,big,med,unacc,0
high,vhigh,3,2,big,high,unacc,0
high,vhigh,3,4,small,low,unacc,0
high,vhigh,3,4,small,med,unacc,0
high,vhigh,3,4,small,high,unacc,0
high,vhigh,3,4,med,low,unacc,0
high,vhigh,3,4,med,med,unacc,0
high,vhigh,3,4,med,high,unacc,0
high,vhigh,3,4,big,low,unacc,0
high,vhigh,3,4,big,med,unacc,0
high,vhigh,3,4,big,high,unacc,0
high,vhigh,3,more,small,low,unacc,0
high,vhigh,3,more,small,med,unacc,0
high,vhigh,3,more,small,high,unacc,0
high,vhigh,3,more,med,low,unacc,0
high,vhigh,3,more,med,med,unacc,0
high,vhigh,3,more,med,high,unacc,0
high,vhigh,3,more,big,low,unacc,0
high,vhigh,3,more,big,med,unacc,0
high,vhigh,3,more,big,high,unacc,0
high,vhigh,4,2,small,low,unacc,0
high,vhigh,4,2,small,med,unacc,0
high,vhigh,4,2,small,high,unacc,0
high,vhigh,4,2,med,low,unacc,0
high,vhigh,4,2,med,med,unacc,0
high,vhigh,4,2,med,high,unacc,0
high,vhigh,4,2,big,low,unacc,0
high,vhigh,4,2,big,med,unacc,0
high,vhigh,4,2,big,high,unacc,0
high,vhigh,4,4,small,low,unacc,0
high,vhigh,4,4,small,med,unacc,0
high,vhigh,4,4,small,high,unacc,0
high,vhigh,4,4,med,low,unacc,0
high,vhigh,4,4,med,med,unacc,0
high,vhigh,4,4,med,high,unacc,0
high,vhigh,4,4,big,low,unacc,0
high,vhigh,4,4,big,med,unacc,0
high,vhigh,4,4,big,high,unacc,0
high,vhigh,4,more,small,low,unacc,0
high,vhigh,4,more,small,med,unacc,0
high,vhigh,4,more,small,high,unacc,0
high,vhigh,4,more,med,low,unacc,0
high,vhigh,4,more,med,med,unacc,0
high,vhigh,4,more,med,high,unacc,0
high,vhigh,4,more,big,low,unacc,0
high,vhigh,4,more,big,med,unacc,0
high,vhigh,4,more,big,high,unacc,0
high,vhigh,5more,2,small,low,unacc,0
high,vhigh,5more,2,small,med,unacc,0
high,vhigh,5more,2,small,high,unacc,0
high,vhigh,5more,2,med,low,unacc,0
high,vhigh,5more,2,med,med,unacc,0
high,vhigh,5more,2,med,high,unacc,0
high,vhigh,5more,2,big,low,unacc,0
high,vhigh,5more,2,big,med,unacc,0
high,vhigh,5more,2,big,high,unacc,0
high,vhigh,5more,4,small,low,unacc,0
high,vhigh,5more,4,small,med,unacc,0
high,vhigh,5more,4,small,high,unacc,0
high,vhigh,5more,4,med,low,unacc,0
high,vhigh,5more,4,med,med,unacc,0
high,vhigh,5more,4,med,high,unacc,0
high,vhigh,5more,4,big,low,unacc,0
high,vhigh,5more,4,big,med,unacc,0
high,vhigh,5more,4,big,high,unacc,0
high,vhigh,5more,more,small,low,unacc,0
high,vhigh,5more,more,small,med,unacc,0
high,vhigh,5more,more,small,high,unacc,0
high,vhigh,5more,more,med,low,unacc,0
high,vhigh,5more,more,med,med,unacc,0
high,vhigh,5more,more,med,high,unacc,0
high,vhigh,5more,more,big,low,unacc,0
high,vhigh,5more,more,big,med,unacc,0
high,vhigh,5more,more,big,high,unacc,0
high,high,2,2,small,low,unacc,0
high,high,2,2,small,med,unacc,0
high,high,2,2,small,high,unacc,0
high,high,2,2,med,low,unacc,0
high,high,2,2,med,med,unacc,0
high,high,2,2,med,high,unacc,0
high,high,2,2,big,low,unacc,0
high,high,2,2,big,med,unacc,0
high,high,2,2,big,high,unacc,0
high,high,2,4,small,low,unacc,0
high,high,2,4,small,med,unacc,0
high,high,2,4,small,high,acc,1
high,high,2,4,med,low,unacc,0
high,high,2,4,med,med,unacc,0
high,high,2,4,med,high,acc,1
high,high,2,4,big,low,unacc,0
high,high,2,4,big,med,acc,1
high,high,2,4,big,high,acc,1
high,high,2,more,small,low,unacc,0
high,high,2,more,small,med,unacc,0
high,high,2,more,small,high,unacc,0
high,high,2,more,med,low,unacc,0
high,high,2,more,med,med,unacc,0
high,high,2,more,med,high,acc,1
high,high,2,more,big,low,unacc,0
high,high,2,more,big,med,acc,1
high,high,2,more,big,high,acc,1
high,high,3,2,small,low,unacc,0
high,high,3,2,small,med,unacc,0
high,high,3,2,small,high,unacc,0
high,high,3,2,med,low,unacc,0
high,high,3,2,med,med,unacc,0
high,high,3,2,med,high,unacc,0
high,high,3,2,big,low,unacc,0
high,high,3,2,big,med,unacc,0
high,high,3,2,big,high,unacc,0
high,high,3,4,small,low,unacc,0
high,high,3,4,small,med,unacc,0
high,high,3,4,small,high,acc,1
high,high,3,4,med,low,unacc,0
high,high,3,4,med,med,unacc,0
high,high,3,4,med,high,acc,1
high,high,3,4,big,low,unacc,0
high,high,3,4,big,med,acc,1
high,high,3,4,big,high,acc,1
high,high,3,more,small,low,unacc,0
high,high,3,more,small,med,unacc,0
high,high,3,more,small,high,acc,1
high,high,3,more,med,low,unacc,0
high,high,3,more,med,med,acc,1
high,high,3,more,med,high,acc,1
high,high,3,more,big,low,unacc,0
high,high,3,more,big,med,acc,1
high,high,3,more,big,high,acc,1
high,high,4,2,small,low,unacc,0
high,high,4,2,small,med,unacc,0
high,high,4,2,small,high,unacc,0
high,high,4,2,med,low,unacc,0
high,high,4,2,med,med,unacc,0
high,high,4,2,med,high,unacc,0
high,high,4,2,big,low,unacc,0
high,high,4,2,big,med,unacc,0
high,high,4,2,big,high,unacc,0
high,high,4,4,small,low,unacc,0
high,high,4,4,small,med,unacc,0
high,high,4,4,small,high,acc,1
high,high,4,4,med,low,unacc,0
high,high,4,4,med,med,acc,1
high,high,4,4,med,high,acc,1
high,high,4,4,big,low,unacc,0
high,high,4,4,big,med,acc,1
high,high,4,4,big,high,acc,1
high,high,4,more,small,low,unacc,0
high,high,4,more,small,med,unacc,0
high,high,4,more,small,high,acc,1
high,high,4,more,med,low,unacc,0
high,high,4,more,med,med,acc,1
high,high,4,more,med,high,acc,1
high,high,4,more,big,low,unacc,0
high,high,4,more,big,med,acc,1
high,high,4,more,big,high,acc,1
high,high,5more,2,small,low,unacc,0
high,high,5more,2,small,med,unacc,0
high,high,5more,2,small,high,unacc,0
high,high,5more,2,med,low,unacc,0
high,high,5more,2,med,med,unacc,0
high,high,5more,2,med,high,unacc,0
high,high,5more,2,big,low,unacc,0
high,high,5more,2,big,med,unacc,0
high,high,5more,2,big,high,unacc,0
high,high,5more,4,small,low,unacc,0
high,high,5more,4,small,med,unacc,0
high,high,5more,4,small,high,acc,1
high,high,5more,4,med,low,unacc,0
high,high,5more,4,med,med,acc,1
high,high,5more,4,med,high,acc,1
high,high,5more,4,big,low,unacc,0
high,high,5more,4,big,med,acc,1
high,high,5more,4,big,high,acc,1
high,high,5more,more,small,low,unacc,0
high,high,5more,more,small,med,unacc,0
high,high,5more,more,small,high,acc,1
high,high,5more,more,med,low,unacc,0
high,high,5more,more,med,med,acc,1
high,high,5more,more,med,high,acc,1
high,high,5more,more,big,low,unacc,0
high,high,5more,more,big,med,acc,1
high,high,5more,more,big,high,acc,1
high,med,2,2,small,low,unacc,0
high,med,2,2,small,med,unacc,0
high,med,2,2,small,high,unacc,0
high,med,2,2,med,low,unacc,0
high,med,2,2,med,med,unacc,0
high,med,2,2,med,high,unacc,0
high,med,2,2,big,low,unacc,0
high,med,2,2,big,med,unacc,0
high,med,2,2,big,high,unacc,0
high,med,2,4,small,low,unacc,0
high,med,2,4,small,med,unacc,0
high,med,2,4,small,high,acc,1
high,med,2,4,med,low,unacc,0
high,med,2,4,med,med,unacc,0
high,med,2,4,med,high,acc,1
high,med,2,4,big,low,unacc,0
high,med,2,4,big,med,acc,1
high,med,2,4,big,high,acc,1
high,med,2,more,small,low,unacc,0
high,med,2,more,small,med,unacc,0
high,med,2,more,small,high,unacc,0
high,med,2,more,med,low,unacc,0
high,med,2,more,med,med,unacc,0
high,med,2,more,med,high,acc,1
high,med,2,more,big,low,unacc,0
high,med,2,more,big,med,acc,1
high,med,2,more,big,high,acc,1
high,med,3,2,small,low,unacc,0
high,med,3,2,small,med,unacc,0
high,med,3,2,small,high,unacc,0
high,med,3,2,med,low,unacc,0
high,med,3,2,med,med,unacc,0
high,med,3,2,med,high,unacc,0
high,med,3,2,big,low,unacc,0
high,med,3,2,big,med,unacc,0
high,med,3,2,big,high,unacc,0
high,med,3,4,small,low,unacc,0
high,med,3,4,small,med,unacc,0
high,med,3,4,small,high,acc,1
high,med,3,4,med,low,unacc,0
high,med,3,4,med,med,unacc,0
high,med,3,4,med,high,acc,1
high,med,3,4,big,low,unacc,0
high,med,3,4,big,med,acc,1
high,med,3,4,big,high,acc,1
high,med,3,more,small,low,unacc,0
high,med,3,more,small,med,unacc,0
high,med,3,more,small,high,acc,1
high,med,3,more,med,low,unacc,0
high,med,3,more,med,med,acc,1
high,med,3,more,med,high,acc,1
high,med,3,more,big,low,unacc,0
high,med,3,more,big,med,acc,1
high,med,3,more,big,high,acc,1
high,med,4,2,small,low,unacc,0
high,med,4,2,small,med,unacc,0
high,med,4,2,small,high,unacc,0
high,med,4,2,med,low,unacc,0
high,med,4,2,med,med,unacc,0
high,med,4,2,med,high,unacc,0
high,med,4,2,big,low,unacc,0
high,med,4,2,big,med,unacc,0
high,med,4,2,big,high,unacc,0
high,med,4,4,small,low,unacc,0
high,med,4,4,small,med,unacc,0
high,med,4,4,small,high,acc,1
high,med,4,4,med,low,unacc,0
high,med,4,4,med,med,acc,1
high,med,4,4,med,high,acc,1
high,med,4,4,big,low,unacc,0
high,med,4,4,big,med,acc,1
high,med,4,4,big,high,acc,1
high,med,4,more,small,low,unacc,0
high,med,4,more,small,med,unacc,0
high,med,4,more,small,high,acc,1
high,med,4,more,med,low,unacc,0
high,med,4,more,med,med,acc,1
high,med,4,more,med,high,acc,1
high,med,4,more,big,low,unacc,0
high,med,4,more,big,med,acc,1
high,med,4,more,big,high,acc,1
high,med,5more,2,small,low,unacc,0
high,med,5more,2,small,med,unacc,0
high,med,5more,2,small,high,unacc,0
high,med,5more,2,med,low,unacc,0
high,med,5more,2,med,med,unacc,0
high,med,5more,2,med,high,unacc,0
high,med,5more,2,big,low,unacc,0
high,med,5more,2,big,med,unacc,0
high,med,5more,2,big,high,unacc,0
high,med,5more,4,small,low,unacc,0
high,med,5more,4,small,med,unacc,0
high,med,5more,4,small,high,acc,1
high,med,5more,4,med,low,unacc,0
high,med,5more,4,med,med,acc,1
high,med,5more,4,med,high,acc,1
high,med,5more,4,big,low,unacc,0
high,med,5more,4,big,med,acc,1
high,med,5more,4,big,high,acc,1
high,med,5more,more,small,low,unacc,0
high,med,5more,more,small,med,unacc,0
high,med,5more,more,small,high,acc,1
high,med,5more,more,med,low,unacc,0
high,med,5more,more,med,med,acc,1
high,med,5more,more,med,high,acc,1
high,med,5more,more,big,low,unacc,0
high,med,5more,more,big,med,acc,1
high,med,5more,more,big,high,acc,1
high,low,2,2,small,low,unacc,0
high,low,2,2,small,med,unacc,0
high,low,2,2,small,high,unacc,0
high,low,2,2,med,low,unacc,0
high,low,2,2,med,med,unacc,0
high,low,2,2,med,high,unacc,0
high,low,2,2,big,low,unacc,0
high,low,2,2,big,med,unacc,0
high,low,2,2,big,high,unacc,0
high,low,2,4,small,low,unacc,0
high,low,2,4,small,med,unacc,0
high,low,2,4,small,high,acc,1
high,low,2,4,med,low,unacc,0
high,low,2,4,med,med,unacc,0
high,low,2,4,med,high,acc,1
high,low,2,4,big,low,unacc,0
high,low,2,4,big,med,acc,1
high,low,2,4,big,high,acc,1
high,low,2,more,small,low,unacc,0
high,low,2,more,small,med,unacc,0
high,low,2,more,small,high,unacc,0
high,low,2,more,med,low,unacc,0
high,low,2,more,med,med,unacc,0
high,low,2,more,med,high,acc,1
high,low,2,more,big,low,unacc,0
high,low,2,more,big,med,acc,1
high,low,2,more,big,high,acc,1
high,low,3,2,small,low,unacc,0
high,low,3,2,small,med,unacc,0
high,low,3,2,small,high,unacc,0
high,low,3,2,med,low,unacc,0
high,low,3,2,med,med,unacc,0
high,low,3,2,med,high,unacc,0
high,low,3,2,big,low,unacc,0
high,low,3,2,big,med,unacc,0
high,low,3,2,big,high,unacc,0
high,low,3,4,small,low,unacc,0
high,low,3,4,small,med,unacc,0
high,low,3,4,small,high,acc,1
high,low,3,4,med,low,unacc,0
high,low,3,4,med,med,unacc,0
high,low,3,4,med,high,acc,1
high,low,3,4,big,low,unacc,0
high,low,3,4,big,med,acc,1
high,low,3,4,big,high,acc,1
high,low,3,more,small,low,unacc,0
high,low,3,more,small,med,unacc,0
high,low,3,more,small,high,acc,1
high,low,3,more,med,low,unacc,0
high,low,3,more,med,med,acc,1
high,low,3,more,med,high,acc,1
high,low,3,more,big,low,unacc,0
high,low,3,more,big,med,acc,1
high,low,3,more,big,high,acc,1
high,low,4,2,small,low,unacc,0
high,low,4,2,small,med,unacc,0
high,low,4,2,small,high,unacc,0
high,low,4,2,med,low,unacc,0
high,low,4,2,med,med,unacc,0
high,low,4,2,med,high,unacc,0
high,low,4,2,big,low,unacc,0
high,low,4,2,big,med,unacc,0
high,low,4,2,big,high,unacc,0
high,low,4,4,small,low,unacc,0
high,low,4,4,small,med,unacc,0
high,low,4,4,small,high,acc,1
high,low,4,4,med,low,unacc,0
high,low,4,4,med,med,acc,1
high,low,4,4,med,high,acc,1
high,low,4,4,big,low,unacc,0
high,low,4,4,big,med,acc,1
high,low,4,4,big,high,acc,1
high,low,4,more,small,low,unacc,0
high,low,4,more,small,med,unacc,0
high,low,4,more,small,high,acc,1
high,low,4,more,med,low,unacc,0
high,low,4,more,med,med,acc,1
high,low,4,more,med,high,acc,1
high,low,4,more,big,low,unacc,0
high,low,4,more,big,med,acc,1
high,low,4,more,big,high,acc,1
high,low,5more,2,small,low,unacc,0
high,low,5more,2,small,med,unacc,0
high,low,5more,2,small,high,unacc,0
high,low,5more,2,med,low,unacc,0
high,low,5more,2,med,med,unacc,0
high,low,5more,2,med,high,unacc,0
high,low,5more,2,big,low,unacc,0
high,low,5more,2,big,med,unacc,0
high,low,5more,2,big,high,unacc,0
high,low,5more,4,small,low,unacc,0
high,low,5more,4,small,med,unacc,0
high,low,5more,4,small,high,acc,1
high,low,5more,4,med,low,unacc,0
high,low,5more,4,med,med,acc,1
high,low,5more,4,med,high,acc,1
high,low,5more,4,big,low,unacc,0
high,low,5more,4,big,med,acc,1
high,low,5more,4,big,high,acc,1
high,low,5more,more,small,low,unacc,0
high,low,5more,more,small,med,unacc,0
high,low,5more,more,small,high,acc,1
high,low,5more,more,med,low,unacc,0
high,low,5more,more,med,med,acc,1
high,low,5more,more,med,high,acc,1
high,low,5more,more,big,low,unacc,0
high,low,5more,more,big,med,acc,1
high,low,5more,more,big,high,acc,1
med,vhigh,2,2,small,low,unacc,0
med,vhigh,2,2,small,med,unacc,0
med,vhigh,2,2,small,high,unacc,0
med,vhigh,2,2,med,low,unacc,0
med,vhigh,2,2,med,med,unacc,0
med,vhigh,2,2,med,high,unacc,0
med,vhigh,2,2,big,low,unacc,0
med,vhigh,2,2,big,med,unacc,0
med,vhigh,2,2,big,high,unacc,0
med,vhigh,2,4,small,low,unacc,0
med,vhigh,2,4,small,med,unacc,0
med,vhigh,2,4,small,high,acc,1
med,vhigh,2,4,med,low,unacc,0
med,vhigh,2,4,med,med,unacc,0
med,vhigh,2,4,med,high,acc,1
med,vhigh,2,4,big,low,unacc,0
med,vhigh,2,4,big,med,acc,1
med,vhigh,2,4,big,high,acc,1
med,vhigh,2,more,small,low,unacc,0
med,vhigh,2,more,small,med,unacc,0
med,vhigh,2,more,small,high,unacc,0
med,vhigh,2,more,med,low,unacc,0
med,vhigh,2,more,med,med,unacc,0
med,vhigh,2,more,med,high,acc,1
med,vhigh,2,more,big,low,unacc,0
med,vhigh,2,more,big,med,acc,1
med,vhigh,2,more,big,high,acc,1
med,vhigh,3,2,small,low,unacc,0
med,vhigh,3,2,small,med,unacc,0
med,vhigh,3,2,small,high,unacc,0
med,vhigh,3,2,med,low,unacc,0
med,vhigh,3,2,med,med,unacc,0
med,vhigh,3,2,med,high,unacc,0
med,vhigh,3,2,big,low,unacc,0
med,vhigh,3,2,big,med,unacc,0
med,vhigh,3,2,big,high,unacc,0
med,vhigh,3,4,small,low,unacc,0
med,vhigh,3,4,small,med,unacc,0
med,vhigh,3,4,small,high,acc,1
med,vhigh,3,4,med,low,unacc,0
med,vhigh,3,4,med,med,unacc,0
med,vhigh,3,4,med,high,acc,1
med,vhigh,3,4,big,low,unacc,0
med,vhigh,3,4,big,med,acc,1
med,vhigh,3,4,big,high,acc,1
med,vhigh,3,more,small,low,unacc,0
med,vhigh,3,more,small,med,unacc,0
med,vhigh,3,more,small,high,acc,1
med,vhigh,3,more,med,low,unacc,0
med,vhigh,3,more,med,med,acc,1
med,vhigh,3,more,med,high,acc,1
med,vhigh,3,more,big,low,unacc,0
med,vhigh,3,more,big,med,acc,1
med,vhigh,3,more,big,high,acc,1
med,vhigh,4,2,small,low,unacc,0
med,vhigh,4,2,small,med,unacc,0
med,vhigh,4,2,small,high,unacc,0
med,vhigh,4,2,med,low,unacc,0
med,vhigh,4,2,med,med,unacc,0
med,vhigh,4,2,med,high,unacc,0
med,vhigh,4,2,big,low,unacc,0
med,vhigh,4,2,big,med,unacc,0
med,vhigh,4,2,big,high,unacc,0
med,vhigh,4,4,small,low,unacc,0
med,vhigh,4,4,small,med,unacc,0
med,vhigh,4,4,small,high,acc,1
med,vhigh,4,4,med,low,unacc,0
med,vhigh,4,4,med,med,acc,1
med,vhigh,4,4,med,high,acc,1
med,vhigh,4,4,big,low,unacc,0
med,vhigh,4,4,big,med,acc,1
med,vhigh,4,4,big,high,acc,1
med,vhigh,4,more,small,low,unacc,0
med,vhigh,4,more,small,med,unacc,0
med,vhigh,4,more,small,high,acc,1
med,vhigh,4,more,med,low,unacc,0
med,vhigh,4,more,med,med,acc,1
med,vhigh,4,more,med,high,acc,1
med,vhigh,4,more,big,low,unacc,0
med,vhigh,4,more,big,med,acc,1
med,vhigh,4,more,big,high,acc,1
med,vhigh,5more,2,small,low,unacc,0
med,vhigh,5more,2,small,med,unacc,0
med,vhigh,5more,2,small,high,unacc,0
med,vhigh,5more,2,med,low,unacc,0
med,vhigh,5more,2,med,med,unacc,0
med,vhigh,5more,2,med,high,unacc,0
med,vhigh,5more,2,big,low,unacc,0
med,vhigh,5more,2,big,med,unacc,0
med,vhigh,5more,2,big,high,unacc,0
med,vhigh,5more,4,small,low,unacc,0
med,vhigh,5more,4,small,med,unacc,0
med,vhigh,5more,4,small,high,acc,1
med,vhigh,5more,4,med,low,unacc,0
med,vhigh,5more,4,med,med,acc,1
med,vhigh,5more,4,med,high,acc,1
med,vhigh,5more,4,big,low,unacc,0
med,vhigh,5more,4,big,med,acc,1
med,vhigh,5more,4,big,high,acc,1
med,vhigh,5more,more,small,low,unacc,0
med,vhigh,5more,more,small,med,unacc,0
med,vhigh,5more,more,small,high,acc,1
med,vhigh,5more,more,med,low,unacc,0
med,vhigh,5more,more,med,med,acc,1
med,vhigh,5more,more,med,high,acc,1
med,vhigh,5more,more,big,low,unacc,0
med,vhigh,5more,more,big,med,acc,1
med,vhigh,5more,more,big,high,acc,1
med,high,2,2,small,low,unacc,0
med,high,2,2,small,med,unacc,0
med,high,2,2,small,high,unacc,0
med,high,2,2,med,low,unacc,0
med,high,2,2,med,med,unacc,0
med,high,2,2,med,high,unacc,0
med,high,2,2,big,low,unacc,0
med,high,2,2,big,med,unacc,0
med,high,2,2,big,high,unacc,0
med,high,2,4,small,low,unacc,0
med,high,2,4,small,med,unacc,0
med,high,2,4,small,high,acc,1
med,high,2,4,med,low,unacc,0
med,high,2,4,med,med,unacc,0
med,high,2,4,med,high,acc,1
med,high,2,4,big,low,unacc,0
med,high,2,4,big,med,acc,1
med,high,2,4,big,high,acc,1
med,high,2,more,small,low,unacc,0
med,high,2,more,small,med,unacc,0
med,high,2,more,small,high,unacc,0
med,high,2,more,med,low,unacc,0
med,high,2,more,med,med,unacc,0
med,high,2,more,med,high,acc,1
med,high,2,more,big,low,unacc,0
med,high,2,more,big,med,acc,1
med,high,2,more,big,high,acc,1
med,high,3,2,small,low,unacc,0
med,high,3,2,small,med,unacc,0
med,high,3,2,small,high,unacc,0
med,high,3,2,med,low,unacc,0
med,high,3,2,med,med,unacc,0
med,high,3,2,med,high,unacc,0
med,high,3,2,big,low,unacc,0
med,high,3,2,big,med,unacc,0
med,high,3,2,big,high,unacc,0
med,high,3,4,small,low,unacc,0
med,high,3,4,small,med,unacc,0
med,high,3,4,small,high,acc,1
med,high,3,4,med,low,unacc,0
med,high,3,4,med,med,unacc,0
med,high,3,4,med,high,acc,1
med,high,3,4,big,low,unacc,0
med,high,3,4,big,med,acc,1
med,high,3,4,big,high,acc,1
med,high,3,more,small,low,unacc,0
med,high,3,more,small,med,unacc,0
med,high,3,more,small,high,acc,1
med,high,3,more,med,low,unacc,0
med,high,3,more,med,med,acc,1
med,high,3,more,med,high,acc,1
med,high,3,more,big,low,unacc,0
med,high,3,more,big,med,acc,1
med,high,3,more,big,high,acc,1
med,high,4,2,small,low,unacc,0
med,high,4,2,small,med,unacc,0
med,high,4,2,small,high,unacc,0
med,high,4,2,med,low,unacc,0
med,high,4,2,med,med,unacc,0
med,high,4,2,med,high,unacc,0
med,high,4,2,big,low,unacc,0
med,high,4,2,big,med,unacc,0
med,high,4,2,big,high,unacc,0
med,high,4,4,small,low,unacc,0
med,high,4,4,small,med,unacc,0
med,high,4,4,small,high,acc,1
med,high,4,4,med,low,unacc,0
med,high,4,4,med,med,acc,1
med,high,4,4,med,high,acc,1
med,high,4,4,big,low,unacc,0
med,high,4,4,big,med,acc,1
med,high,4,4,big,high,acc,1
med,high,4,more,small,low,unacc,0
med,high,4,more,small,med,unacc,0
med,high,4,more,small,high,acc,1
med,high,4,more,med,low,unacc,0
med,high,4,more,med,med,acc,1
med,high,4,more,med,high,acc,1
med,high,4,more,big,low,unacc,0
med,high,4,more,big,med,acc,1
med,high,4,more,big,high,acc,1
med,high,5more,2,small,low,unacc,0
med,high,5more,2,small,med,unacc,0
med,high,5more,2,small,high,unacc,0
med,high,5more,2,med,low,unacc,0
med,high,5more,2,med,med,unacc,0
med,high,5more,2,med,high,unacc,0
med,high,5more,2,big,low,unacc,0
med,high,5more,2,big,med,unacc,0
med,high,5more,2,big,high,unacc,0
med,high,5more,4,small,low,unacc,0
med,high,5more,4,small,med,unacc,0
med,high,5more,4,small,high,acc,1
med,high,5more,4,med,low,unacc,0
med,high,5more,4,med,med,acc,1
med,high,5more,4,med,high,acc,1
med,high,5more,4,big,low,unacc,0
med,high,5more,4,big,med,acc,1
med,high,5more,4,big,high,acc,1
med,high,5more,more,small,low,unacc,0
med,high,5more,more,small,med,unacc,0
med,high,5more,more,small,high,acc,1
med,high,5more,more,med,low,unacc,0
med,high,5more,more,med,med,acc,1
med,high,5more,more,med,high,acc,1
med,high,5more,more,big,low,unacc,0
med,high,5more,more,big,med,acc,1
med,high,5more,more,big,high,acc,1
med,med,2,2,small,low,unacc,0
med,med,2,2,small,med,unacc,0
med,med,2,2,small,high,unacc,0
med,med,2,2,med,low,unacc,0
med,med,2,2,med,med,unacc,0
med,med,2,2,med,high,unacc,0
med,med,2,2,big,low,unacc,0
med,med,2,2,big,med,unacc,0
med,med,2,2,big,high,unacc,0
med,med,2,4,small,low,unacc,0
med,med,2,4,small,med,acc,1
med,med,2,4,small,high,acc,1
med,med,2,4,med,low,unacc,0
med,med,2,4,med,med,acc,1
med,med,2,4,med,high,acc,1
med,med,2,4,big,low,unacc,0
med,med,2,4,big,med,acc,1
med,med,2,4,big,high,vgood,1
med,med,2,more,small,low,unacc,0
med,med,2,more,small,med,unacc,0
med,med,2,more,small,high,unacc,0
med,med,2,more,med,low,unacc,0
med,med,2,more,med,med,acc,1
med,med,2,more,med,high,acc,1
med,med,2,more,big,low,unacc,0
med,med,2,more,big,med,acc,1
med,med,2,more,big,high,vgood,1
med,med,3,2,small,low,unacc,0
med,med,3,2,small,med,unacc,0
med,med,3,2,small,high,unacc,0
med,med,3,2,med,low,unacc,0
med,med,3,2,med,med,unacc,0
med,med,3,2,med,high,unacc,0
med,med,3,2,big,low,unacc,0
med,med,3,2,big,med,unacc,0
med,med,3,2,big,high,unacc,0
med,med,3,4,small,low,unacc,0
med,med,3,4,small,med,acc,1
med,med,3,4,small,high,acc,1
med,med,3,4,med,low,unacc,0
med,med,3,4,med,med,acc,1
med,med,3,4,med,high,acc,1
med,med,3,4,big,low,unacc,0
med,med,3,4,big,med,acc,1
med,med,3,4,big,high,vgood,1
med,med,3,more,small,low,unacc,0
med,med,3,more,small,med,acc,1
med,med,3,more,small,high,acc,1
med,med,3,more,med,low,unacc,0
med,med,3,more,med,med,acc,1
med,med,3,more,med,high,vgood,1
med,med,3,more,big,low,unacc,0
med,med,3,more,big,med,acc,1
med,med,3,more,big,high,vgood,1
med,med,4,2,small,low,unacc,0
med,med,4,2,small,med,unacc,0
med,med,4,2,small,high,unacc,0
med,med,4,2,med,low,unacc,0
med,med,4,2,med,med,unacc,0
med,med,4,2,med,high,unacc,0
med,med,4,2,big,low,unacc,0
med,med,4,2,big,med,unacc,0
med,med,4,2,big,high,unacc,0
med,med,4,4,small,low,unacc,0
med,med,4,4,small,med,acc,1
med,med,4,4,small,high,acc,1
med,med,4,4,med,low,unacc,0
med,med,4,4,med,med,acc,1
med,med,4,4,med,high,vgood,1
med,med,4,4,big,low,unacc,0
med,med,4,4,big,med,acc,1
med,med,4,4,big,high,vgood,1
med,med,4,more,small,low,unacc,0
med,med,4,more,small,med,acc,1
med,med,4,more,small,high,acc,1
med,med,4,more,med,low,unacc,0
med,med,4,more,med,med,acc,1
med,med,4,more,med,high,vgood,1
med,med,4,more,big,low,unacc,0
med,med,4,more,big,med,acc,1
med,med,4,more,big,high,vgood,1
med,med,5more,2,small,low,unacc,0
med,med,5more,2,small,med,unacc,0
med,med,5more,2,small,high,unacc,0
med,med,5more,2,med,low,unacc,0
med,med,5more,2,med,med,unacc,0
med,med,5more,2,med,high,unacc,0
med,med,5more,2,big,low,unacc,0
med,med,5more,2,big,med,unacc,0
med,med,5more,2,big,high,unacc,0
med,med,5more,4,small,low,unacc,0
med,med,5more,4,small,med,acc,1
med,med,5more,4,small,high,acc,1
med,med,5more,4,med,low,unacc,0
med,med,5more,4,med,med,acc,1
med,med,5more,4,med,high,vgood,1
med,med,5more,4,big,low,unacc,0
med,med,5more,4,big,med,acc,1
med,med,5more,4,big,high,vgood,1
med,med,5more,more,small,low,unacc,0
med,med,5more,more,small,med,acc,1
med,med,5more,more,small,high,acc,1
med,med,5more,more,med,low,unacc,0
med,med,5more,more,med,med,acc,1
med,med,5more,more,med,high,vgood,1
med,med,5more,more,big,low,unacc,0
med,med,5more,more,big,med,acc,1
med,med,5more,more,big,high,vgood,1
med,low,2,2,small,low,unacc,0
med,low,2,2,small,med,unacc,0
med,low,2,2,small,high,unacc,0
med,low,2,2,med,low,unacc,0
med,low,2,2,med,med,unacc,0
med,low,2,2,med,high,unacc,0
med,low,2,2,big,low,unacc,0
med,low,2,2,big,med,unacc,0
med,low,2,2,big,high,unacc,0
med,low,2,4,small,low,unacc,0
med,low,2,4,small,med,acc,1
med,low,2,4,small,high,good,1
med,low,2,4,med,low,unacc,0
med,low,2,4,med,med,acc,1
med,low,2,4,med,high,good,1
med,low,2,4,big,low,unacc,0
med,low,2,4,big,med,good,1
med,low,2,4,big,high,vgood,1
med,low,2,more,small,low,unacc,0
med,low,2,more,small,med,unacc,0
med,low,2,more,small,high,unacc,0
med,low,2,more,med,low,unacc,0
med,low,2,more,med,med,acc,1
med,low,2,more,med,high,good,1
med,low,2,more,big,low,unacc,0
med,low,2,more,big,med,good,1
med,low,2,more,big,high,vgood,1
med,low,3,2,small,low,unacc,0
med,low,3,2,small,med,unacc,0
med,low,3,2,small,high,unacc,0
med,low,3,2,med,low,unacc,0
med,low,3,2,med,med,unacc,0
med,low,3,2,med,high,unacc,0
med,low,3,2,big,low,unacc,0
med,low,3,2,big,med,unacc,0
med,low,3,2,big,high,unacc,0
med,low,3,4,small,low,unacc,0
med,low,3,4,small,med,acc,1
med,low,3,4,small,high,good,1
med,low,3,4,med,low,unacc,0
med,low,3,4,med,med,acc,1
med,low,3,4,med,high,good,1
med,low,3,4,big,low,unacc,0
med,low,3,4,big,med,good,1
med,low,3,4,big,high,vgood,1
med,low,3,more,small,low,unacc,0
med,low,3,more,small,med,acc,1
med,low,3,more,small,high,good,1
med,low,3,more,med,low,unacc,0
med,low,3,more,med,med,good,1
med,low,3,more,med,high,vgood,1
med,low,3,more,big,low,unacc,0
med,low,3,more,big,med,good,1
med,low,3,more,big,high,vgood,1
med,low,4,2,small,low,unacc,0
med,low,4,2,small,med,unacc,0
med,low,4,2,small,high,unacc,0
med,low,4,2,med,low,unacc,0
med,low,4,2,med,med,unacc,0
med,low,4,2,med,high,unacc,0
med,low,4,2,big,low,unacc,0
med,low,4,2,big,med,unacc,0
med,low,4,2,big,high,unacc,0
med,low,4,4,small,low,unacc,0
med,low,4,4,small,med,acc,1
med,low,4,4,small,high,good,1
med,low,4,4,med,low,unacc,0
med,low,4,4,med,med,good,1
med,low,4,4,med,high,vgood,1
med,low,4,4,big,low,unacc,0
med,low,4,4,big,med,good,1
med,low,4,4,big,high,vgood,1
med,low,4,more,small,low,unacc,0
med,low,4,more,small,med,acc,1
med,low,4,more,small,high,good,1
med,low,4,more,med,low,unacc,0
med,low,4,more,med,med,good,1
med,low,4,more,med,high,vgood,1
med,low,4,more,big,low,unacc,0
med,low,4,more,big,med,good,1
med,low,4,more,big,high,vgood,1
med,low,5more,2,small,low,unacc,0
med,low,5more,2,small,med,unacc,0
med,low,5more,2,small,high,unacc,0
med,low,5more,2,med,low,unacc,0
med,low,5more,2,med,med,unacc,0
med,low,5more,2,med,high,unacc,0
med,low,5more,2,big,low,unacc,0
med,low,5more,2,big,med,unacc,0
med,low,5more,2,big,high,unacc,0
med,low,5more,4,small,low,unacc,0
med,low,5more,4,small,med,acc,1
med,low,5more,4,small,high,good,1
med,low,5more,4,med,low,unacc,0
med,low,5more,4,med,med,good,1
med,low,5more,4,med,high,vgood,1
med,low,5more,4,big,low,unacc,0
med,low,5more,4,big,med,good,1
med,low,5more,4,big,high,vgood,1
med,low,5more,more,small,low,unacc,0
med,low,5more,more,small,med,acc,1
med,low,5more,more,small,high,good,1
med,low,5more,more,med,low,unacc,0
med,low,5more,more,med,med,good,1
med,low,5more,more,med,high,vgood,1
med,low,5more,more,big,low,unacc,0
med,low,5more,more,big,med,good,1
med,low,5more,more,big,high,vgood,1
low,vhigh,2,2,small,low,unacc,0
low,vhigh,2,2,small,med,unacc,0
low,vhigh,2,2,small,high,unacc,0
low,vhigh,2,2,med,low,unacc,0
low,vhigh,2,2,med,med,unacc,0
low,vhigh,2,2,med,high,unacc,0
low,vhigh,2,2,big,low,unacc,0
low,vhigh,2,2,big,med,unacc,0
low,vhigh,2,2,big,high,unacc,0
low,vhigh,2,4,small,low,unacc,0
low,vhigh,2,4,small,med,unacc,0
low,vhigh,2,4,small,high,acc,1
low,vhigh,2,4,med,low,unacc,0
low,vhigh,2,4,med,med,unacc,0
low,vhigh,2,4,med,high,acc,1
low,vhigh,2,4,big,low,unacc,0
low,vhigh,2,4,big,med,acc,1
low,vhigh,2,4,big,high,acc,1
low,vhigh,2,more,small,low,unacc,0
low,vhigh,2,more,small,med,unacc,0
low,vhigh,2,more,small,high,unacc,0
low,vhigh,2,more,med,low,unacc,0
low,vhigh,2,more,med,med,unacc,0
low,vhigh,2,more,med,high,acc,1
low,vhigh,2,more,big,low,unacc,0
low,vhigh,2,more,big,med,acc,1
low,vhigh,2,more,big,high,acc,1
low,vhigh,3,2,small,low,unacc,0
low,vhigh,3,2,small,med,unacc,0
low,vhigh,3,2,small,high,unacc,0
low,vhigh,3,2,med,low,unacc,0
low,vhigh,3,2,med,med,unacc,0
low,vhigh,3,2,med,high,unacc,0
low,vhigh,3,2,big,low,unacc,0
low,vhigh,3,2,big,med,unacc,0
low,vhigh,3,2,big,high,unacc,0
low,vhigh,3,4,small,low,unacc,0
low,vhigh,3,4,small,med,unacc,0
low,vhigh,3,4,small,high,acc,1
low,vhigh,3,4,med,low,unacc,0
low,vhigh,3,4,med,med,unacc,0
low,vhigh,3,4,med,high,acc,1
low,vhigh,3,4,big,low,unacc,0
low,vhigh,3,4,big,med,acc,1
low,vhigh,3,4,big,high,acc,1
low,vhigh,3,more,small,low,unacc,0
low,vhigh,3,more,small,med,unacc,0
low,vhigh,3,more,small,high,acc,1
low,vhigh,3,more,med,low,unacc,0
low,vhigh,3,more,med,med,acc,1
low,vhigh,3,more,med,high,acc,1
low,vhigh,3,more,big,low,unacc,0
low,vhigh,3,more,big,med,acc,1
low,vhigh,3,more,big,high,acc,1
low,vhigh,4,2,small,low,unacc,0
low,vhigh,4,2,small,med,unacc,0
low,vhigh,4,2,small,high,unacc,0
low,vhigh,4,2,med,low,unacc,0
low,vhigh,4,2,med,med,unacc,0
low,vhigh,4,2,med,high,unacc,0
low,vhigh,4,2,big,low,unacc,0
low,vhigh,4,2,big,med,unacc,0
low,vhigh,4,2,big,high,unacc,0
low,vhigh,4,4,small,low,unacc,0
low,vhigh,4,4,small,med,unacc,0
low,vhigh,4,4,small,high,acc,1
low,vhigh,4,4,med,low,unacc,0
low,vhigh,4,4,med,med,acc,1
low,vhigh,4,4,med,high,acc,1
low,vhigh,4,4,big,low,unacc,0
low,vhigh,4,4,big,med,acc,1
low,vhigh,4,4,big,high,acc,1
low,vhigh,4,more,small,low,unacc,0
low,vhigh,4,more,small,med,unacc,0
low,vhigh,4,more,small,high,acc,1
low,vhigh,4,more,med,low,unacc,0
low,vhigh,4,more,med,med,acc,1
low,vhigh,4,more,med,high,acc,1
low,vhigh,4,more,big,low,unacc,0
low,vhigh,4,more,big,med,acc,1
low,vhigh,4,more,big,high,acc,1
low,vhigh,5more,2,small,low,unacc,0
low,vhigh,5more,2,small,med,unacc,0
low,vhigh,5more,2,small,high,unacc,0
low,vhigh,5more,2,med,low,unacc,0
low,vhigh,5more,2,med,med,unacc,0
low,vhigh,5more,2,med,high,unacc,0
low,vhigh,5more,2,big,low,unacc,0
low,vhigh,5more,2,big,med,unacc,0
low,vhigh,5more,2,big,high,unacc,0
low,vhigh,5more,4,small,low,unacc,0
low,vhigh,5more,4,small,med,unacc,0
low,vhigh,5more,4,small,high,acc,1
low,vhigh,5more,4,med,low,unacc,0
low,vhigh,5more,4,med,med,acc,1
low,vhigh,5more,4,med,high,acc,1
low,vhigh,5more,4,big,low,unacc,0
low,vhigh,5more,4,big,med,acc,1
low,vhigh,5more,4,big,high,acc,1
low,vhigh,5more,more,small,low,unacc,0
low,vhigh,5more,more,small,med,unacc,0
low,vhigh,5more,more,small,high,acc,1
low,vhigh,5more,more,med,low,unacc,0
low,vhigh,5more,more,med,med,acc,1
low,vhigh,5more,more,med,high,acc,1
low,vhigh,5more,more,big,low,unacc,0
low,vhigh,5more,more,big,med,acc,1
low,vhigh,5more,more,big,high,acc,1
low,high,2,2,small,low,unacc,0
low,high,2,2,small,med,unacc,0
low,high,2,2,small,high,unacc,0
low,high,2,2,med,low,unacc,0
low,high,2,2,med,med,unacc,0
low,high,2,2,med,high,unacc,0
low,high,2,2,big,low,unacc,0
low,high,2,2,big,med,unacc,0
low,high,2,2,big,high,unacc,0
low,high,2,4,small,low,unacc,0
low,high,2,4,small,med,acc,1
low,high,2,4,small,high,acc,1
low,high,2,4,med,low,unacc,0
low,high,2,4,med,med,acc,1
low,high,2,4,med,high,acc,1
low,high,2,4,big,low,unacc,0
low,high,2,4,big,med,acc,1
low,high,2,4,big,high,vgood,1
low,high,2,more,small,low,unacc,0
low,high,2,more,small,med,unacc,0
low,high,2,more,small,high,unacc,0
low,high,2,more,med,low,unacc,0
low,high,2,more,med,med,acc,1
low,high,2,more,med,high,acc,1
low,high,2,more,big,low,unacc,0
low,high,2,more,big,med,acc,1
low,high,2,more,big,high,vgood,1
low,high,3,2,small,low,unacc,0
low,high,3,2,small,med,unacc,0
low,high,3,2,small,high,unacc,0
low,high,3,2,med,low,unacc,0
low,high,3,2,med,med,unacc,0
low,high,3,2,med,high,unacc,0
low,high,3,2,big,low,unacc,0
low,high,3,2,big,med,unacc,0
low,high,3,2,big,high,unacc,0
low,high,3,4,small,low,unacc,0
low,high,3,4,small,med,acc,1
low,high,3,4,small,high,acc,1
low,high,3,4,med,low,unacc,0
low,high,3,4,med,med,acc,1
low,high,3,4,med,high,acc,1
low,high,3,4,big,low,unacc,0
low,high,3,4,big,med,acc,1
low,high,3,4,big,high,vgood,1
low,high,3,more,small,low,unacc,0
low,high,3,more,small,med,acc,1
low,high,3,more,small,high,acc,1
low,high,3,more,med,low,unacc,0
low,high,3,more,med,med,acc,1
low,high,3,more,med,high,vgood,1
low,high,3,more,big,low,unacc,0
low,high,3,more,big,med,acc,1
low,high,3,more,big,high,vgood,1
low,high,4,2,small,low,unacc,0
low,high,4,2,small,med,unacc,0
low,high,4,2,small,high,unacc,0
low,high,4,2,med,low,unacc,0
low,high,4,2,med,med,unacc,0
low,high,4,2,med,high,unacc,0
low,high,4,2,big,low,unacc,0
low,high,4,2,big,med,unacc,0
low,high,4,2,big,high,unacc,0
low,high,4,4,small,low,unacc,0
low,high,4,4,small,med,acc,1
low,high,4,4,small,high,acc,1
low,high,4,4,med,low,unacc,0
low,high,4,4,med,med,acc,1
low,high,4,4,med,high,vgood,1
low,high,4,4,big,low,unacc,0
low,high,4,4,big,med,acc,1
low,high,4,4,big,high,vgood,1
low,high,4,more,small,low,unacc,0
low,high,4,more,small,med,acc,1
low,high,4,more,small,high,acc,1
low,high,4,more,med,low,unacc,0
low,high,4,more,med,med,acc,1
low,high,4,more,med,high,vgood,1
low,high,4,more,big,low,unacc,0
low,high,4,more,big,med,acc,1
low,high,4,more,big,high,vgood,1
low,high,5more,2,small,low,unacc,0
low,high,5more,2,small,med,unacc,0
low,high,5more,2,small,high,unacc,0
low,high,5more,2,med,low,unacc,0
low,high,5more,2,med,med,unacc,0
low,high,5more,2,med,high,unacc,0
low,high,5more,2,big,low,unacc,0
low,high,5more,2,big,med,unacc,0
low,high,5more,2,big,high,unacc,0
low,high,5more,4,small,low,unacc,0
low,high,5more,4,small,med,acc,1
low,high,5more,4,small,high,acc,1
low,high,5more,4,med,low,unacc,0
low,high,5more,4,med,med,acc,1
low,high,5more,4,med,high,vgood,1
low,high,5more,4,big,low,unacc,0
low,high,5more,4,big,med,acc,1
low,high,5more,4,big,high,vgood,1
low,high,5more,more,small,low,unacc,0
low,high,5more,more,small,med,acc,1
low,high,5more,more,small,high,acc,1
low,high,5more,more,med,low,unacc,0
low,high,5more,more,med,med,acc,1
low,high,5more,more,med,high,vgood,1
low,high,5more,more,big,low,unacc,0
low,high,5more,more,big,med,acc,1
low,high,5more,more,big,high,vgood,1
low,med,2,2,small,low,unacc,0
low,med,2,2,small,med,unacc,0
low,med,2,2,small,high,unacc,0
low,med,2,2,med,low,unacc,0
low,med,2,2,med,med,unacc,0
low,med,2,2,med,high,unacc,0
low,med,2,2,big,low,unacc,0
low,med,2,2,big,med,unacc,0
low,med,2,2,big,high,unacc,0
low,med,2,4,small,low,unacc,0
low,med,2,4,small,med,acc,1
low,med,2,4,small,high,good,1
low,med,2,4,med,low,unacc,0
low,med,2,4,med,med,acc,1
low,med,2,4,med,high,good,1
low,med,2,4,big,low,unacc,0
low,med,2,4,big,med,good,1
low,med,2,4,big,high,vgood,1
low,med,2,more,small,low,unacc,0
low,med,2,more,small,med,unacc,0
low,med,2,more,small,high,unacc,0
low,med,2,more,med,low,unacc,0
low,med,2,more,med,med,acc,1
low,med,2,more,med,high,good,1
low,med,2,more,big,low,unacc,0
low,med,2,more,big,med,good,1
low,med,2,more,big,high,vgood,1
low,med,3,2,small,low,unacc,0
low,med,3,2,small,med,unacc,0
low,med,3,2,small,high,unacc,0
low,med,3,2,med,low,unacc,0
low,med,3,2,med,med,unacc,0
low,med,3,2,med,high,unacc,0
low,med,3,2,big,low,unacc,0
low,med,3,2,big,med,unacc,0
low,med,3,2,big,high,unacc,0
low,med,3,4,small,low,unacc,0
low,med,3,4,small,med,acc,1
low,med,3,4,small,high,good,1
low,med,3,4,med,low,unacc,0
low,med,3,4,med,med,acc,1
low,med,3,4,med,high,good,1
low,med,3,4,big,low,unacc,0
low,med,3,4,big,med,good,1
low,med,3,4,big,high,vgood,1
low,med,3,more,small,low,unacc,0
low,med,3,more,small,med,acc,1
low,med,3,more,small,high,good,1
low,med,3,more,med,low,unacc,0
low,med,3,more,med,med,good,1
low,med,3,more,med,high,vgood,1
low,med,3,more,big,low,unacc,0
low,med,3,more,big,med,good,1
low,med,3,more,big,high,vgood,1
low,med,4,2,small,low,unacc,0
low,med,4,2,small,med,unacc,0
low,med,4,2,small,high,unacc,0
low,med,4,2,med,low,unacc,0
low,med,4,2,med,med,unacc,0
low,med,4,2,med,high,unacc,0
low,med,4,2,big,low,unacc,0
low,med,4,2,big,med,unacc,0
low,med,4,2,big,high,unacc,0
low,med,4,4,small,low,unacc,0
low,med,4,4,small,med,acc,1
low,med,4,4,small,high,good,1
low,med,4,4,med,low,unacc,0
low,med,4,4,med,med,good,1
low,med,4,4,med,high,vgood,1
low,med,4,4,big,low,unacc,0
low,med,4,4,big,med,good,1
low,med,4,4,big,high,vgood,1
low,med,4,more,small,low,unacc,0
low,med,4,more,small,med,acc,1
low,med,4,more,small,high,good,1
low,med,4,more,med,low,unacc,0
low,med,4,more,med,med,good,1
low,med,4,more,med,high,vgood,1
low,med,4,more,big,low,unacc,0
low,med,4,more,big,med,good,1
low,med,4,more,big,high,vgood,1
low,med,5more,2,small,low,unacc,0
low,med,5more,2,small,med,unacc,0
low,med,5more,2,small,high,unacc,0
low,med,5more,2,med,low,unacc,0
low,med,5more,2,med,med,unacc,0
low,med,5more,2,med,high,unacc,0
low,med,5more,2,big,low,unacc,0
low,med,5more,2,big,med,unacc,0
low,med,5more,2,big,high,unacc,0
low,med,5more,4,small,low,unacc,0
low,med,5more,4,small,med,acc,1
low,med,5more,4,small,high,good,1
low,med,5more,4,med,low,unacc,0
low,med,5more,4,med,med,good,1
low,med,5more,4,med,high,vgood,1
low,med,5more,4,big,low,unacc,0
low,med,5more,4,big,med,good,1
low,med,5more,4,big,high,vgood,1
low,med,5more,more,small,low,unacc,0
low,med,5more,more,small,med,acc,1
low,med,5more,more,small,high,good,1
low,med,5more,more,med,low,unacc,0
low,med,5more,more,med,med,good,1
low,med,5more,more,med,high,vgood,1
low,med,5more,more,big,low,unacc,0
low,med,5more,more,big,med,good,1
low,med,5more,more,big,high,vgood,1
low,low,2,2,small,low,unacc,0
low,low,2,2,small,med,unacc,0
low,low,2,2,small,high,unacc,0
low,low,2,2,med,low,unacc,0
low,low,2,2,med,med,unacc,0
low,low,2,2,med,high,unacc,0
low,low,2,2,big,low,unacc,0
low,low,2,2,big,med,unacc,0
low,low,2,2,big,high,unacc,0
low,low,2,4,small,low,unacc,0
low,low,2,4,small,med,acc,1
low,low,2,4,small,high,good,1
low,low,2,4,med,low,unacc,0
low,low,2,4,med,med,acc,1
low,low,2,4,med,high,good,1
low,low,2,4,big,low,unacc,0
low,low,2,4,big,med,good,1
low,low,2,4,big,high,vgood,1
low,low,2,more,small,low,unacc,0
low,low,2,more,small,med,unacc,0
low,low,2,more,small,high,unacc,0
low,low,2,more,med,low,unacc,0
low,low,2,more,med,med,acc,1
low,low,2,more,med,high,good,1
low,low,2,more,big,low,unacc,0
low,low,2,more,big,med,good,1
low,low,2,more,big,high,vgood,1
low,low,3,2,small,low,unacc,0
low,low,3,2,small,med,unacc,0
low,low,3,2,small,high,unacc,0
low,low,3,2,med,low,unacc,0
low,low,3,2,med,med,unacc,0
low,low,3,2,med,high,unacc,0
low,low,3,2,big,low,unacc,0
low,low,3,2,big,med,unacc,0
low,low,3,2,big,high,unacc,0
low,low,3,4,small,low,unacc,0
low,low,3,4,small,med,acc,1
low,low,3,4,small,high,good,1
low,low,3,4,med,low,unacc,0
low,low,3,4,med,med,acc,1
low,low,3,4,med,high,good,1
low,low,3,4,big,low,unacc,0
low,low,3,4,big,med,good,1
low,low,3,4,big,high,vgood,1
low,low,3,more,small,low,unacc,0
low,low,3,more,small,med,acc,1
low,low,3,more,small,high,good,1
low,low,3,more,med,low,unacc,0
low,low,3,more,med,med,good,1
low,low,3,more,med,high,vgood,1
low,low,3,more,big,low,unacc,0
low,low,3,more,big,med,good,1
low,low,3,more,big,high,vgood,1
low,low,4,2,small,low,unacc,0
low,low,4,2,small,med,unacc,0
low,low,4,2,small,high,unacc,0
low,low,4,2,med,low,unacc,0
low,low,4,2,med,med,unacc,0
low,low,4,2,med,high,unacc,0
low,low,4,2,big,low,unacc,0
low,low,4,2,big,med,unacc,0
low,low,4,2,big,high,unacc,0
low,low,4,4,small,low,unacc,0
low,low,4,4,small,med,acc,1
low,low,4,4,small,high,good,1
low,low,4,4,med,low,unacc,0
low,low,4,4,med,med,good,1
low,low,4,4,med,high,vgood,1
low,low,4,4,big,low,unacc,0
low,low,4,4,big,med,good,1
low,low,4,4,big,high,vgood,1
low,low,4,more,small,low,unacc,0
low,low,4,more,small,med,acc,1
low,low,4,more,small,high,good,1
low,low,4,more,med,low,unacc,0
low,low,4,more,med,med,good,1
low,low,4,more,med,high,vgood,1
low,low,4,more,big,low,unacc,0
low,low,4,more,big,med,good,1
low,low,4,more,big,high,vgood,1
low,low,5more,2,small,low,unacc,0
low,low,5more,2,small,med,unacc,0
low,low,5more,2,small,high,unacc,0
low,low,5more,2,med,low,unacc,0
low,low,5more,2,med,med,unacc,0
low,low,5more,2,med,high,unacc,0
low,low,5more,2,big,low,unacc,0
low,low,5more,2,big,med,unacc,0
low,low,5more,2,big,high,unacc,0
low,low,5more,4,small,low,unacc,0
low,low,5more,4,small,med,acc,1
low,low,5more,4,small,high,good,1
low,low,5more,4,med,low,unacc,0
low,low,5more,4,med,med,good,1
low,low,5more,4,med,high,vgood,1
low,low,5more,4,big,low,unacc,0
low,low,5more,4,big,med,good,1
low,low,5more,4,big,high,vgood,1
low,low,5more,more,small,low,unacc,0
low,low,5more,more,small,med,acc,1
low,low,5more,more,small,high,good,1
low,low,5more,more,med,low,unacc,0
low,low,5more,more,med,med,good,1
low,low,5more,more,med,high,vgood,1
low,low,5more,more,big,low,unacc,0
low,low,5more,more,big,med,good,1
low,low,5more,more,big,high,vgood,1
